country,total_cases,new_cases,total_deaths,new_deaths,excess_mortality,hosp_patients,weekly_hosp_admissions,icu_patients,weekly_icu_admissions,stringency_index,reproduction_rate,total_tests,new_tests,positive_rate,tests_per_case,total_vaccinations,people_vaccinated,people_fully_vaccinated,total_boosters,new_vaccinations,population,population_density,median_age,life_expectancy,gdp_per_capita,extreme_poverty,diabetes_prevalence,hospital_beds_per_thousand,human_development_index
Afghanistan,151164.36689419794,133.79635949943116,5776.0972696245735,4.549488054607509,,,,,,27.3945802919708,1.0486268316831684,924645.2,,14.396415886206896,20.444351133793102,11139813.463576159,9916526.714285715,9731218.75,1662878.406779661,9784.375,40578846.0,62.215546,16.752,61.9824,1516.2733,,10.9,0.39,0.46199999999999997
Albania,218410.65415244596,191.80602957906711,2629.811717861206,2.0523321956769056,19.24416666666667,,,,,41.78210766423358,1.028483448275862,559644.2569444445,2241.4861111111113,19.19465708462854,38.06503697886364,1402001.0496453901,851560.2751091704,760120.7716894977,215169.61176470589,8242.389534883721,2827615.0,103.197624,35.943,76.4626,15492.067,0.021277364,10.2,2.89,0.789
Algeria,195842.67064846418,154.81968145620021,5112.2138794084185,3.9141069397042094,16.833541666666665,,,20.137135922330096,,48.36772810218978,1.0034344149459193,230553.0,,,,10657044.857142856,5908922.444444444,5136519.130434782,355090.2727272727,56928.666666666664,45477391.0,19.09418,27.983,76.3767,11198.233,0.0,7.1,1.9,0.745
Andorra,30187.827645051195,27.312286689419796,125.81569965870307,0.09044368600682594,22.06625,,,,,33.4867700729927,0.8729188976377952,181496.1447368421,,13.203677634030418,14.249625022296014,91347.8125,42868.83050847457,39471.15094339623,39027.346153846156,2401.0,79722.0,169.62128,42.832,80.3684,,,9.7,,0.884
Angola,70233.12855517634,61.13879408418658,1355.0602957906713,1.101820250284414,,,,,,51.621733576642335,0.7707535256410256,1428346.1,5627.2,2.407550338676259,299.659885265942,13206559.231481481,8417522.095238095,4904946.134020618,1392860.4375,,35635028.0,28.583483,16.39,61.64339999999999,5906.1157,31.122004999999998,4.6,,0.591
Antigua and Barbuda,5530.457337883959,5.179749715585893,95.04891922639364,0.08304891922639362,-4.339583333333334,,,,,,0.6427309552599758,7826.583333333333,,7.899864265729168,51.77927324945055,78766.18947368421,44326.14893617021,38786.0243902439,9838.0,841.2,92851.0,211.025,35.072,78.4968,22321.87,,11.699999999999998,2.89,0.826
Argentina,6632960.598407281,5748.807736063709,98025.15301478954,74.34414106939704,18.536944444444444,,,2934.584234930448,,52.42909671532847,0.9698439096267191,13807351.844827587,42142.51724137931,20.42463957451869,8.337478620484848,83344109.37866667,33679399.09066667,26509186.275555555,21011771.140444443,104055.18327402136,45407904.0,16.592274,31.739,75.3899,22461.440999999995,,5.4,4.99,0.849
Armenia,315008.0096700796,257.6882821387941,6211.126279863482,4.993174061433447,23.439791666666668,,,,,,0.8804338567222767,1187205.780167264,3706.4121863799282,13.396694123459268,40.67837298402439,1087489.111111111,562018.9787234042,471215.358490566,29142.6,,2880883.0,101.19012999999998,35.815,72.0431,16057.007,0.7810783000000001,5.599999999999999,4.2,0.7859999999999999
Australia,5870559.478953356,6746.963026166098,11464.49544937429,14.406374501992032,5.589617224880383,1370.034892353378,,72.37045285820342,,47.19702554744526,1.095554766536965,26907363.238663483,87650.53643966548,8.775570725091995,1745.5469532125448,34499815.07334526,12490235.382716049,11745325.082452431,6290721.969964664,117407.07142857143,26200987.0,3.406256,37.51200000000001,84.5265,51090.26,0.49709398,6.400000000000001,3.84,0.946
Austria,3310266.5489192265,3460.102389078498,15398.069397042093,12.81797497155859,8.668133971291866,1199.3153456998314,,171.58347386172008,,49.143120437956206,1.0639837548638131,61916210.08787129,234494.9801242236,3.5488970206703567,262.82249959864697,14598677.123076923,5701742.561538462,5265634.938461538,3334139.030769231,,9064679.0,109.84827,42.831999999999994,81.57969999999999,55867.184,0.4858222,4.6,7.2700000000000005,0.926
Azerbaijan,562432.8196814562,475.81001137656426,7044.285551763367,5.889078498293515,17.649166666666666,,,,,59.99155109489052,0.9760111660079052,4821270.412017168,11442.9,9.494374845928572,73.3981132247619,8372882.847619047,3852063.479115479,3356640.5220588236,2360386.4,28814.698924731183,10295307.0,124.56512,32.062,69.3658,15094.284,,5.6,4.82,0.76
Bahamas,25207.854379977245,22.256541524459614,568.5978384527873,0.48293515358361777,19.0675,,,,,52.295,0.9665389937106919,192901.84732824427,475.39130434782606,13.137550499267398,18.091405131501833,214331.17647058822,110507.19354838709,95872.90909090909,16704.955555555556,3086.0,397544.0,39.714684,34.234,71.5983,34663.496,,8.8,2.96,0.82
Bahrain,438378.0790671217,396.2536973833902,1125.480659840728,0.8737201365187713,,,,,,37.79302919708029,1.0213779182879377,3694617.4676375403,12138.087934560328,6.170042101059524,81.68135914392857,2582541.230490018,989425.8528428094,1034502.641509434,975773.9831932773,5659.959770114942,1533459.0,1941.0874,31.682999999999996,78.7605,51854.715,,11.3,1.74,0.888
Bangladesh,1437244.2411831627,1166.9300341296928,21408.831626848692,16.77986348122867,,,,,,49.97339416058394,1.015471128871129,5820977.767253045,18702.17050067659,11.385183793666666,21.46747374888889,214753463.4108108,96085090.2123412,90711109.08382066,53991435.55587392,441370.02803738316,169384890.0,1301.259,24.99,72.3811,6263.0044,5.008496,14.2,0.79,0.6699999999999999
Barbados,59023.10750853243,61.90841865756541,333.0443686006826,0.3373151308304892,5.9655555555555555,,,,,47.84323905109489,0.8920569060773481,632558.4166666666,907.2857142857143,24.386674351351353,4.708313138738738,240025.04638218923,128970.88512241055,124168.19126819127,62477.6,609.7151767151768,282324.0,656.56744,38.652,77.57140000000001,15417.297,,14.0,5.97,0.8089999999999999
Belarus,673683.0716723549,565.4368600682594,4882.415813424346,4.048919226393629,20.761333333333333,,,,,23.35875912408759,0.7929056547619048,5623762.896057348,15088.197916666666,6.869615316273183,38.31865865162907,9163032.685714286,3438020.8571428573,2935179.7321428573,2723124.75,,9173241.0,45.199512,40.192,72.438,19092.111,0.0,5.6,10.83,0.801
Belgium,2936007.45221843,2781.1387940841864,26265.865756541523,19.532992036405005,7.297703349282297,1698.7559966914805,922.7514546965918,286.7543424317618,,39.04728102189781,1.123187887596899,14326721.902497027,40803.33531510107,10.823094327464284,26.435293050595238,22156143.80738074,7798285.4168357,7674303.201275046,7116180.769581056,29074.26247689464,11641813.0,384.47202,41.151,81.8787,53287.152,0.02996537,3.6,5.58,0.942
Belize,43504.23663253697,40.65566306203756,482.6985210466439,0.391353811149033,11.825277777777778,,,,,48.01630474452555,0.9533771331058021,296181.9464285714,974.6666666666666,7.923593539430052,29.29227954987013,261177.05389221557,148323.4939759036,135392.09523809524,48356.294117647056,2307.269230769231,402741.0,17.656336,25.521,70.4697,9473.706,,14.5,1.04,0.7
Benin,19072.898179749714,15.947667804323094,122.71615472127418,0.09271899886234357,,,,,,32.174443430656936,0.4830461855670103,604310.0,,,,1803755.5714285714,1624945.15,1352012.5151515151,0.0,,13759507.0,122.02472,17.646,59.821,3435.1716,12.723279,1.1,,0.504
Bhutan,33928.22241183163,35.66382252559727,11.790102389078498,0.011945392491467578,3.5147222222222223,,,,,50.683649635036495,0.8014644469525959,553550.3948717949,2925.9299145299146,0.3491783156333711,2216.2064792142855,943376.4809160306,532536.928,522745.80303030304,555673.6153846154,12676.95588235294,780920.0,20.475092,28.809999999999995,71.815,11595.684,0.0015388478,10.4,1.74,0.681
Bolivia,752423.7690557452,689.5045506257111,16878.732650739476,12.734357224118316,55.63,703.7576335877862,,82.42366412213741,,42.292919708029196,1.0802526315789474,1652665.1447852761,5499.714993804213,20.266318315151512,10.897936148848483,8518640.169463087,4745856.055369128,3712723.6694630873,742779.7684563758,24729.348047538202,12077155.0,11.148486,24.392,63.6304,8244.235,1.9645011,5.5,1.29,0.6980000000000001
Bosnia and Herzegovina,277301.8447098976,229.78384527872583,11418.067690557451,9.329920364050057,15.404375,,,,,38.6827098540146,1.0568180118110237,626761.8742268041,2563.92628992629,16.3292915871118,15.44315709052795,677503.2,449873.8181818182,294415.4285714286,71551.0,46931.0,3204805.0,62.59385,44.559,75.3003,16737.227,0.074978754,9.1,3.49,0.7789999999999999
Botswana,210391.0574516496,188.10921501706486,1902.0733788395905,1.593287827076223,,,,,,36.4909306569343,0.7944678298800437,792510.6585365854,571.3529411764706,9.638828165777255,136.94287702138422,1262834.725,766834.5897435897,786581.1166666667,411431.1,10435.0,2439895.0,4.305216,22.604,61.1409,15518.651,15.426243,5.2,,0.708
Brazil,24701633.546075087,21337.839021615473,514511.5164960182,399.38339021615474,15.84125,,,,,48.54258211678832,1.0905,34192178.00554017,139643.36226415096,45.33355389013378,3.2734731368055554,290831227.4281609,134334298.6063676,108873799.27665706,49669596.174231336,724200.6399371069,210306411.0,25.161867,33.506,72.7504,15093.465,3.5053015,8.8,2.09,0.76
Brunei,156031.1109215017,198.6797497155859,90.58134243458476,0.10295790671217292,10.220833333333333,,,,,39.496021897810216,0.6274865877712031,92899.33333333333,290.5,,,461816.80303030304,231693.2626262626,178294.9696969697,309698.0,2597.35,455374.0,86.40873,31.276,74.6424,58669.902,,11.1,2.85,0.8230000000000001
Bulgaria,832389.4658703072,760.9402730375426,26035.09385665529,22.042662116040955,14.555598086124402,2175.2340425531916,,197.7433155080214,,36.167572992700734,1.0370293713163063,2658262.536723164,8554.25187032419,10.347560944650875,25.958170869326683,3619858.978860294,753369.1150793651,1670445.9344894027,627434.8162162162,4642.054414784394,6825863.0,62.876408,44.154,71.798,26961.291,0.69914126,7.400000000000001,7.45,0.799
Burkina Faso,15765.336746302617,12.597269624573379,274.78839590443687,0.22753128555176336,,,,,,20.494908759124087,0.6016560157790927,313235.4117647059,273.5,7.285463318818182,53.66565395740741,2020382.3333333333,1727294.7222222222,1400740.46875,1014.0,,22509037.0,82.269875,17.041,59.2696,2158.8584,25.277073,2.1,,0.438
Burundi,31648.905574516495,31.117814456459875,10.679749715585894,0.008532423208191127,,,,,,15.849945255474454,0.8606375268817205,1430466.2564102565,3157.5,1.8756329215286625,79.73587885350318,19134.268656716416,17498.45588235294,16869.0,168.56410256410257,76.66666666666667,13321101.0,518.73444,15.672,61.6627,708.1783,62.06575999999999,6.5,0.79,0.42
Cambodia,92248.92491467576,79.25199089874857,2026.976109215017,1.7383390216154722,,,,,,45.121569343065694,0.7957872150644202,2021257.1868131869,6046.679245283019,5.583908844307692,78.206099845,21021513.71583514,9672353.479915433,8742237.411016949,4232727.722891566,90081.33580246914,17201717.0,97.44911000000002,25.596,69.5835,4533.8643,,7.3,0.9,0.6
Cameroon,90164.83390216155,71.26222980659841,1446.8100113765643,1.1228668941979523,,,,,,31.54181569343066,0.4875013875123885,2620328.0,,0.6446230091619047,365.48978420000003,1478198.9523809524,1065306.5,797365.05,368213.1666666667,5145.0,27632771.0,58.456074,17.623,60.3334,3723.5322,22.992219999999996,5.5,,0.587
Canada,2884113.176336746,2741.2144482366325,35222.84300341297,31.652248150256117,6.071291866028709,3576.444368131868,,300.21085164835165,,50.31122262773722,1.0520011650485437,28939633.346522782,75364.24,5.9980957645974335,44.05241076962617,75297393.24446203,25002636.370898716,22021140.833997343,19884532.017418843,82227.54545454546,38821260.0,4.417179,40.253,82.6565,49296.38,0.24863754,7.7,2.52,0.9349999999999999
Cape Verde,43084.922639362914,36.67463026166098,301.0460750853242,0.23720136518771331,10.67125,,,,,48.15736313868613,0.9819791029561672,,589.8902691511387,13.918765452432433,7.967294858918919,434532.1076923077,237051.70491803277,167575.7142857143,311.5,3731.0,519750.0,128.97023,27.322000000000003,74.0518,7379.247599999999,4.5642314,2.1,,0.661
Central African Republic,11498.380546075085,8.784414106939705,91.09215017064847,0.06427758816837315,,,,,,23.903476277372263,0.3707097007223942,87644.5294117647,,5.027370749636943,109.62623758571429,1198377.049180328,1209104.5,1140465.2592592593,189821.57692307694,12887.0,5098038.0,8.18331,14.298,53.8947,823.9821999999999,65.66651,5.8,1.0,0.387
Chad,5562.886803185438,4.381114903299204,158.35494880546077,0.11035267349260523,,,,,,36.31362226277373,0.6532469743589744,207780.45454545456,,3.3716974362641507,197.49501265414014,2227189.268656716,1033385.4,990011.0535714285,2711079.705882353,,18455319.0,14.656384,15.102,52.5254,1412.6708000000003,30.845234000000005,5.8,,0.394
Chile,3143032.3759954493,3073.696814562002,42744.20762229807,37.68412066021628,14.720239234449762,,1460.5983680870354,795.6642628205128,328.15832649712877,51.386925182481754,1.0454669599217987,15440941.120731708,48503.91829268292,9.38100832025641,21.724624344078144,40697137.673228346,14627146.969736842,13650670.617105262,12794450.659210525,83562.56666666667,19553032.0,26.297499,35.526,78.9435,25886.121,0.39505082,10.800000000000002,2.06,0.86
China,38758521.94880546,56530.76109215017,50941.75540386803,69.65793966989186,,,,,,73.31321167883212,1.0477812267657993,3154666666.6666665,,0.00906811160557927,262436.87695474084,2523942556.3235292,1259340570.212766,1200116638.7096775,667316003.7209302,5147424.471299093,1425179562.0,151.80525,38.534,78.2107,18187.842,0.0,10.6,4.31,0.788
Colombia,4548836.881683731,3637.2929465301477,105425.89931740615,81.18714448236632,23.213764705882355,,,,,50.66514598540146,0.9651916666666667,17041000.67471591,48984.641726618705,15.00253151142473,15.10700586061828,39406626.80747127,22865245.75,18024439.88580247,8393413.029411765,197216.89019607843,51737944.0,46.631767,31.181,72.8296,15616.752,6.036548,8.3,1.71,0.7580000000000001
Comoros,5990.4283276450515,5.181456200227531,122.726393629124,0.09101251422070535,,,,,,,0.6810123548046462,53258.0,,0.07047680422222222,2959.4061645833335,373026.64705882355,226787.26666666666,177373.03333333333,0.0,,834192.0,448.24933,20.102,63.4174,3245.7688,18.643723,11.7,,0.586
Congo,17736.295221843004,14.353811149032992,274.9852104664391,0.22127417519908987,,,,,,43.53104927007299,0.4531414314516129,391523.0,,0.06544316600000001,372.75,423502.4736842105,330930.1666666667,204322.96,0.0,1486.0,6035107.0,17.672348,18.202,63.518699999999995,3670.1997,35.357456,5.5,,0.593
Costa Rica,746411.1308304892,702.9146757679181,6364.485779294653,5.332195676905575,9.258541666666668,,,,,43.3070802919708,0.922050442477876,1178645.780368098,4512.300613496933,23.25942572128993,9.312966826535627,6289890.06185567,2840505.680412371,2436150.1914893617,1710777.2352941176,,5081765.0,99.52536,33.536,77.0232,22070.922,0.88261974,8.8,1.1,0.806
Croatia,808025.9357224118,767.1456200227532,11984.7212741752,10.679749715585894,11.906220095693781,933.091967403958,665.5409836065573,,,33.40400547445255,1.0473339548577036,1514374.4107424961,5153.412098298677,16.554917587275533,45.74156706840855,4142567.7745241583,1944489.4665676078,1790904.2512908778,795441.5,6813.157142857143,3907031.0,69.81828,44.611,77.5804,34302.348,0.3080042,4.8,5.54,0.878
Cuba,732451.5403868032,633.4823663253698,5693.311717861206,4.852104664391354,16.373055555555556,,,,,48.01255474452555,1.018870792079208,1525564.7468085107,11292.631130063966,2.40271628608742,128.52319874840086,33912901.81906077,9413532.648275862,8360785.943681318,7598991.488549618,59634.13354037267,11059821.0,106.54933,41.50500000000001,73.6829,,,7.6,5.33,0.764
Cyprus,373777.8680318544,403.0602957906712,833.4266211604096,0.8486916951080774,9.115071770334929,103.56670746634028,49.92857142857143,15.180929095354523,9.128440366972477,45.09606751824818,1.0097955621301775,7851153.921122994,39485.74832663989,1.342493250914324,253.023284497992,1046089.8021978022,480831.75925925927,422985.9542857143,273698.02702702704,6031.042253521126,1331376.0,144.08832,37.339,81.2033,44996.316,0.0053034704,8.6,3.4,0.907
Czechia,2989013.523890785,2737.137087599545,30781.795221843004,24.850398179749714,9.435023923444977,1411.5946782178219,1287.2793572311496,216.53321033210332,110.68232385661311,39.48719890510949,1.0417055609756098,25601244.952127658,72589.70478723405,10.319009312834886,110.00778901344874,14953890.627370156,6038577.596867271,5769813.843363562,3471829.7502061008,16530.565104166668,10673216.0,138.27768,42.64500000000001,77.7283,41052.348,0.059850585,7.099999999999999,6.62,0.895
Democratic Republic of Congo,66019.44141069397,57.43799772468714,1087.6302616609785,0.838452787258248,,,,,,37.43197080291971,0.8679116302186879,1008171.0,,6.280308841568627,45.88518766078431,2470676.066666667,2457434.5142857144,1668670.9402985075,0.0,42303.0,102396974.0,45.167503,15.766,59.193,1132.6542,78.94202,5.8,,0.481
Denmark,1978492.7275312855,1958.1820250284413,5347.649601820251,5.6422070534698525,2.698468899521531,351.6041666666667,440.849199663016,28.03402489626556,,35.377308394160586,1.0538791828793774,27482511.04088785,75525.59929906542,5.231637642648083,134.20658614117647,10614976.369863013,3925165.828767123,3748986.7397260275,2309080.7191780824,,5902898.0,147.57245,41.216,81.3753,59935.12,0.15367964,5.3,2.6,0.952
Djibouti,12029.760523321956,8.924914675767917,145.70591581342435,0.1075085324232082,,,,,,39.840583941605836,0.7120643643643644,292099.1304347826,616.5,0.7200568423809525,294.5775056730769,230266.79365079364,202404.04761904763,179178.0634920635,0.0,12179.0,1137100.0,49.055220000000006,24.085,62.3049,4989.4087,19.079206,7.4,1.4,0.515
Dominica,9181.170648464164,9.127986348122867,43.47952218430034,0.04209328782707622,,,,,,39.841094890510945,0.4246173553719008,194216.95652173914,504.0,10.139525006349206,19.395509360317458,46294.03921568627,24897.69,20628.11,1098.671875,802.125,66850.0,89.13333,35.295,72.814,11463.598,,11.7,3.8,0.7399999999999999
Dominican Republic,451056.146188851,376.05403868031857,3532.050625711035,2.4937428896473266,4.196739130434782,,,,,45.041660583941606,0.9788354965585053,1159906.9942418425,3612.1611374407585,16.253252113487243,10.765193142648846,12899321.143086817,6234693.589371981,5135339.514950166,1853520.8142589119,26176.098880597016,11230734.0,236.2823,27.317,72.6146,19338.016,0.7571755600000001,10.5,1.56,0.766
East Timor,15573.038680318543,13.34470989761092,89.19908987485779,0.07849829351535836,,,,,,36.23715328467153,0.8868152173913044,200291.97297297296,1017.1111111111111,6.761826805705883,144.55404747114756,1305921.6382978724,653720.1276595745,528823.7127659575,226145.9019607843,7881.0,1369299.0,92.08466,20.64,67.7369,3943.0925,24.443077,8.6,,0.566
Ecuador,694038.4152445961,614.9055207740466,27210.858361774743,20.50910125142207,26.040095693779904,,,,,47.739260948905105,0.9984314705882352,1261060.1564792176,3516.2906403940888,28.01042105695284,5.551155148548972,20983153.0,10127755.21858864,8535162.950086059,2627104.1086206897,65972.35818181818,17823900.0,71.76639,27.975000000000005,73.67,10859.218,3.7984307,4.4,1.3899999999999997,0.765
Egypt,364620.74459613196,293.528441410694,18202.270193401593,14.124004550625711,16.422083333333333,,,,,43.27303832116788,0.75713720703125,7016298.333333333,,19.652813570698115,829.6742804394545,52148354.61344538,29174795.068965517,20986879.3,7330326.2549019605,215749.9,112618251.0,113.133,23.813,70.2207,12780.760000000002,1.4670148000000003,20.9,1.43,0.7280000000000001
El Salvador,132768.80659840727,114.88054607508532,3077.3691695108078,2.4061433447098977,14.8325,,,,,41.40949817518248,0.623683867735471,813799.7389312977,2933.7786259541986,7.4115397585074625,18.3642241478226,5543477.1657754015,2902797.657608696,2519329.4176470586,951198.6756756756,53378.88172043011,6280316.0,303.10406,26.51,70.7479,9396.014,3.363398,6.3,1.2,0.674
Equatorial Guinea,12347.972696245733,9.805350028457598,141.46587030716722,0.10409556313993173,,,,,,,0.6543613428280773,254301.7435897436,1583.6363636363637,3.87960164759351,518.1462455573209,336032.125,193075.64556962025,139627.73333333334,3957.0,639.0,1803550.0,64.29768,21.016,60.5943,14918.297,,5.5,,0.65
Eritrea,6990.772468714448,5.795790671217293,65.60693970420932,0.05858930602957907,,,,,,61.98833029197081,0.7646237379162191,23693.0,,,,,,,,,3409452.0,28.167786,18.405,66.5358,,,6.5,0.7,0.49299999999999994
Estonia,367823.76905574516,348.38850967007966,1873.4050056882822,1.7053469852104663,7.4272248803827745,204.12113402061857,146.98918918918918,14.470967741935484,8.908108108108108,32.01828467153285,1.05949365234375,1374486.61971831,4038.990566037736,11.252045575638922,66.3933415737338,1725199.2260111023,755396.996034893,726795.2283901665,419187.24107850913,1780.738310090238,1350092.0,31.581099,41.625,77.1436,37711.82,0.30924036999999993,6.5,4.57,0.899
Eswatini,49834.34243458475,42.864618885096704,1016.6359499431172,0.8117178612059158,,,,,,48.58365875912409,0.897788024564995,531786.96,333.0,8.91785569117647,19.146951412745096,395354.6976744186,274021.6352941177,207101.41772151898,140134.29166666666,9230.416666666666,1218921.0,70.8675,21.768,57.0657,9058.583,36.07985,4.6,2.1,0.61
Ethiopia,352087.71046643914,285.1188850967008,5425.179180887372,4.308304891922639,,,,,,45.03737226277372,1.0317668351870577,1985332.9682539683,6289.7,8.289434899241877,50.80391464079422,7489198.744680851,6459856.315589353,26891584.0,1740369.6666666667,94846.15226337449,125384285.0,111.10000999999998,18.528,64.9748,2381.1658,26.984606,5.0,0.33,0.492
Fiji,44289.90329920364,39.30221969265794,564.5449374288964,0.5034129692832765,13.385416666666666,,,,,54.02374087591241,0.9581297077922077,125473.14604810996,844.7226890756302,7.027108190436052,222.24654154573082,1194728.142857143,599991.1634615385,523219.80412371136,156971.9818181818,28295.0,919428.0,50.324467,27.475,67.114,12388.108,1.3182689,17.7,2.0,0.729
Finland,820195.4334470989,853.0784982935154,5418.86803185438,6.522184300341297,7.346937799043062,379.490099009901,,25.85891089108911,,32.519306569343065,1.019348782862707,4744452.972781065,13063.775147928995,9.922303066682465,81.02402957156399,9878247.797814207,3647038.0636363635,3301322.6740740743,2392503.9037433155,28509.18181818182,5569299.0,18.323215,42.526,82.0381,49275.152,0.021342963,6.099999999999999,3.61,0.942
France,21930928.940841865,30610.274725274725,120388.18600682594,131.8563579277865,5.096698564593302,17463.67177637511,6643.2722323049,2046.5193868349866,996.2268602540835,42.27250912408759,1.0891567437379575,108493422.25684485,362756.1929595828,8.489970794516971,39.29872667454308,111230615.25566342,44813310.184665225,41014112.31209503,26221572.402807776,167019.0810810811,66277412.0,121.04203,41.567,82.49879999999999,45904.409999999996,0.056357384,5.3,5.91,0.91
Gabon,34528.50341296929,27.90443686006826,218.69965870307166,0.1746302616609784,,,,,,47.46268248175183,0.8080624242424242,1325475.2602739725,10442.888888888889,3.329253005526316,148.29569663372433,235256.17460317462,129139.0,105469.890625,2014.6470588235295,1486.0,2430752.0,9.433585,21.475,65.821,13939.787,2.468642,5.5,,0.6929999999999998
Gambia,9077.458475540387,7.1825938566552905,270.82252559726965,0.21160409556313994,,,,,,32.8836496350365,0.5552577008928571,113294.03896103895,,7.0259138025387005,127.42379067027865,341871.32558139536,197340.58536585365,191323.11363636365,23023.3,429.0,2636473.0,260.52106,17.985,62.083,2113.6147,17.242134,1.9,1.1,0.49499999999999994
Georgia,1140331.3185437997,1060.513651877133,11266.08646188851,9.755972696245733,14.913541666666667,,,,,43.51702554744526,0.8109500992063492,5650205.013544018,30818.29571106095,11.628852555353536,19.39125582121212,1660760.4097222222,935043.9581881533,722851.7062937063,80818.0,7427.658163265306,3794783.0,54.60905,36.634,71.694,17078.342,4.268949,5.7,2.89,0.814
Germany,20826163.851535834,29982.648985959437,116661.0085324232,136.48907956318251,6.479904306220096,,5549.383855024712,1771.2361809045226,979.9667149059335,44.04211678832117,1.0974322082931534,56176681.18644068,,15.255639485824176,38.69417348778999,131826121.8427371,52083905.352163464,47987975.156062424,33260378.186298076,231284.04452466907,84086228.0,240.66582,45.024,80.63010000000001,53969.625,0.24379632,6.900000000000001,8.0,0.9499999999999998
Ghana,125400.07622298066,97.95790671217293,1050.3219567690558,0.8316268486916951,,,,,,42.581414233576645,0.9508810276679842,918668.8809980806,3239.650366748166,6.530831759430304,42.515521017212116,9424478.220338983,6128628.274193549,4426868.372881356,1616958.0,45237.5,33149151.0,145.68942,20.736,63.7954,5480.329999999999,25.208553000000002,2.6,0.9,0.602
Greece,2936790.039249147,3258.1945392491466,23210.358361774743,22.54778156996587,7.888133971291865,,1453.4437869822484,,87.10552763819095,52.54457116788321,1.037345268292683,15107963.278592376,81342.3701842546,3.6873056502853747,62.677744601664685,17583262.28248114,6811096.872590109,6431206.233864208,4820981.869237217,19066.405668733394,10412481.0,80.779526,45.391,80.1106,31704.426000000003,0.56709486,6.400000000000001,4.2,0.8929999999999999
Grenada,11288.743458475541,11.20193401592719,147.9038680318544,0.1353811149032992,,,,,,,0.5574310901749663,156649.84,637.4,13.533143808767123,9.789146661111111,61341.58095238095,32297.152380952382,25886.92380952381,6582.782608695652,231.8,116928.0,343.90588,32.886,74.9362,14462.937,0.31790403,12.6,3.57,0.793
Guatemala,751486.8452787258,711.6784291405805,13871.969852104665,11.492036405005688,20.339617834394904,,,,,53.457545620437955,1.0630620862587763,1323064.0108108108,5496.993243243243,18.331371397785233,8.956681673907104,7831276.458937198,4231753.130434782,2843323.9323671497,2270234.470588235,41144.564024390245,17847877.0,166.55354,22.243999999999996,69.2368,9162.053,9.521302,13.1,0.44,0.629
Guinea,28466.116040955632,21.946530147895334,323.4249146757679,0.26621160409556316,,,,,,52.760620437956206,0.7352663010967099,683095.7857142857,,1.4079787068971963,189.83975970476192,2499199.643678161,1541692.9827586208,906028.124260355,168665.09523809524,21731.602739726026,14055137.0,57.19981,17.836,58.8922,2699.129,13.820100000000002,2.1,0.3,0.471
Guinea-Bissau,6543.468714448237,5.468714448236632,124.92605233219568,0.10068259385665529,,,,,,,0.5778510224948875,134547.91304347827,390.0,1.5693645774509803,87.44744268367347,415099.5254237288,380073.9310344828,174303.82142857142,12125.733333333334,1658.0,2105537.0,74.87685000000002,18.733,59.6523,1855.1119,25.962856,2.1,,0.48299999999999993
Guyana,46192.44880546075,42.37258248009101,864.0500568828214,0.7406143344709898,,,,,,52.199142335766425,1.0177662874870734,289503.0,,10.024260846285713,15.332793912207793,578270.5590551181,347100.23308270675,233518.625,52932.02127659575,4529.90625,821636.0,4.173919,25.303999999999995,65.6734,35634.688,,11.7,1.71,0.742
Haiti,24235.26848691695,19.656427758816836,616.4653014789534,0.4891922639362912,,,,,,44.14991788321168,0.9222637487126674,191747.0,299.0,7.670716918562874,43.67849156107785,196540.8620689655,141304.2528735632,86974.18604651163,,2438.4117647058824,11503604.0,417.4022,23.25,63.1924,2799.1125,57.87614,8.9,0.71,0.552
Honduras,331923.05119453924,269.00398179749715,8155.293515358362,6.321956769055745,,,,,,62.847700729927006,0.9228021803766104,,,,,7613653.354838709,3709945.095238095,3263549.726190476,1916674.8181818181,32718.0,10463881.0,93.519356,23.206,70.1229,5709.124,12.742991,5.1,0.64,0.624
Hungary,1400135.4402730376,1272.0244596131968,33720.25085324232,27.92491467576792,7.815358851674642,,70.85714285714286,,8.5,36.542892335766425,1.0798250737463126,3774509.573508006,15929.723435225618,11.614116705565328,53.07175046532664,5473546.18404908,4733470.965789474,4160230.1789473686,2890350.5025641024,65168.535433070865,9684306.0,106.11775000000002,42.993,74.5301,35356.777,0.40159559999999994,7.0,7.01,0.851
Iceland,116857.66325369738,119.83788395904436,101.56996587030717,0.10580204778156997,7.653157894736842,,11.956043956043956,,,30.61391423357664,0.9515192007797271,487039.796912114,1631.5736342042755,7.264328447379597,177.36763178730723,369552.5034965035,185119.29577464788,155642.07857142857,141399.01754385966,5507.468085106383,380368.0,3.7723694,35.747,82.6782,55567.438,0.0,5.5,2.83,0.959
India,31776509.381683733,25622.409556313993,387646.0204778157,303.55688282138794,,,,,,57.865191605839414,1.035570703125,366022136.2728395,1055092.6264150944,4.545435044825301,104.63289771542168,1679698840.544,837672767.7293173,710151684.9240711,178927959.30326945,1731265.6286885245,1425423212.0,479.42554,27.683999999999997,67.2398,7112.0396,12.917313,9.6,0.53,0.644
Indonesia,4407040.313993174,3884.928327645051,111859.3282138794,92.23847467273762,,,,,,54.45875,1.0380854349951123,27321915.85714286,139644.92682926828,9.843779635374663,160.42393507654987,169822490.92374727,101183567.37972167,74125275.59491193,31807015.0,808177.9217603912,278830529.0,147.33017,29.560999999999996,67.5703,12409.759,1.8155379,10.6,1.04,0.7130000000000001
Iran,5197942.35665529,4338.943686006826,106752.67064846416,83.5250284414107,25.61409722222222,,,,,59.33673357664233,1.0219347742555236,18915977.180851065,59260.43278688525,13.432326204599747,15.46533957013977,114176285.52910052,52395094.43979058,45058883.255208336,21798103.625,248053.2891566265,89524247.0,55.17673,32.341,73.8749,15461.079,0.46844715,9.1,1.56,0.78
Iraq,1748417.7360637088,1402.4715585893061,19462.67576791809,14.43401592718999,,,,,,58.38047445255474,0.9739738536585366,7718773.731793961,26149.599597585515,10.931068131312742,21.873093773101672,12166258.483146068,7866965.6625,5338432.2625,214197.3125,13414.0,44070556.0,101.51512000000001,20.093,70.3779,9199.0205,0.08875247,10.7,1.32,0.673
Ireland,1040510.9135381115,995.5278725824801,6367.544368600683,5.631399317406143,8.887177033492824,389.1958762886598,346.2857142857143,18.02020202020202,15.341836734693878,42.542947080291974,1.05508271484375,5308394.460144928,14922.437726723096,10.941286433978235,45.92913934437727,10081940.35694051,3956943.8829084043,3835143.8715769593,2520902.202268431,8296.788201160542,5110013.0,74.176414,37.997,81.9976,112445.42,0.063545495,3.0,2.9700000000000006,0.9499999999999998
Israel,2899281.5182025027,2754.014789533561,8594.2212741752,7.228100113765643,8.030382775119616,830.9397590361446,655.1678200692041,118.07456588355464,42.46447140381282,43.283403284671536,1.0573999024390244,18668403.030444965,60632.33489461358,6.002737763491208,103.28615746905041,15058472.715466352,6038425.831168831,5434917.492325856,3582970.6985815605,22557.48606060606,9103144.0,420.66284,29.086,82.255,44393.30000000001,0.2422214,8.5,2.98,0.915
Italy,14658585.14960182,15259.662116040956,138438.45164960183,112.36746302616609,10.243062200956938,8286.236631837739,3875.1818796484113,695.0503995082975,303.8378176382661,52.284242700729926,1.0681969348659004,74616634.26266195,265312.68595041323,6.515960724063604,51.91855351272085,108227973.96150145,42458936.215799615,38457440.4080847,28708169.536608864,141626.90107737514,59619106.0,201.60866,47.116,82.8502,44292.19,0.8145304,6.400000000000001,3.14,0.906
Jamaica,99832.23663253698,89.4914675767918,2259.335039817975,2.0580204778157,7.883333333333332,,,,,53.979808394160585,0.9597050403225807,403296.157712305,1216.0088105726873,11.05152501976801,27.60628605054945,1208303.6871165645,701716.0419161677,585524.1737804879,35458.77922077922,3076.233695652174,2839151.0,262.15613,31.153,70.5003,10107.864999999998,0.30976602,11.1,1.7199999999999998,0.706
Japan,15592524.877133105,19228.425483503983,37899.79010238908,42.48805460750853,3.5500000000000003,12171.039215686274,,706.8374384236453,,40.35818430656934,1.0771646271510515,15507505.869515011,61783.99653579677,9.777058720126728,42.76470430875576,231831926.6700252,84825471.42947103,80763229.5,66042825.19798235,489532.5006385696,124997586.0,342.9289,48.548,84.7839,41837.91,0.72788787,6.6,12.98,0.9200000000000002
Jordan,1154243.7451649602,993.7411831626848,10150.905574516497,8.032992036405005,13.758541666666668,,,,,41.26021897810219,0.818067125984252,7032024.671641791,27924.69741697417,8.437789358578103,283.6607241543391,6213946.896713615,3361443.7311320757,2809417.5734597156,657155.625,29293.253424657534,11256268.0,126.76834,23.943,74.2563,9490.667,,15.4,1.4699999999999998,0.736
Kazakhstan,1000410.6143344709,855.7281001137657,13342.874288964733,10.848691695108077,15.136249999999999,,,,,51.24129562043795,0.9530147233201581,4408522.109619686,26740.19501133787,3.732259402146018,52.53563722477876,12160350.748322148,7623428.643652561,6932591.799116998,2384794.9444444445,68336.92307692308,20034612.0,7.421052,29.348,69.3622,26093.295,0.017695257,6.6,6.06,0.8019999999999999
Kenya,242163.41296928326,195.73890784982936,4156.342434584755,3.2360637087599544,,,,,,51.549543795620444,1.0178000995024876,939148.3602941176,3317.5652173913045,7.278559089188544,48.34897386004784,7099862.72508591,3576355.979079498,2889126.6140350876,420056.0224719101,53176.004784688994,54252456.0,95.32357,19.272,61.427,4881.5317,36.146057,4.0,,0.601
Kiribati,2509.844141069397,2.8924914675767917,10.927758816837315,0.013651877133105802,,,,,,25.193649635036493,0.251991495601173,,,,,113137.57692307692,64790.653846153844,42617.04,17417.636363636364,,130481.0,161.08766000000003,22.529,67.4172,2002.7182999999998,1.6780767,22.1,1.86,0.628
Kosovo,179563.41751990898,156.01763367463028,2400.645051194539,1.8270762229806599,10.061458333333334,,,,,48.40020072992701,1.026696623634558,1251402.2127659575,4095.6796116504856,5.098088425370844,80.99935253810742,1569750.4731182796,804446.0067264574,698278.8731182796,98944.0602006689,3413.9564102564104,1717950.0,,30.808,76.8062,12675.068,0.4402413,,,
Kuwait,460388.2246871445,379.5733788395904,1963.0267349260523,1.4618885096700796,22.140416666666667,,,,,48.542326642335766,0.92194296875,2716838.9698340874,11248.548780487805,9.393303112072875,100.91916576720648,7357928.211267605,3326463.529850746,3176861.6917293235,1400338.6981132075,4651.75,4589514.0,257.5485,33.463,78.6729,49400.355,,24.9,2.04,0.847
Kyrgyzstan,57130.46245733788,50.598976109215016,659.9482366325369,0.5824800910125142,11.193958333333333,,,,,46.01752737226278,0.882077557100298,,,,,2843820.335597826,1427708.389196676,1166106.296460177,,4156.183760683761,6955792.0,36.26586,24.975,69.9774,5070.1504,0.31051716,6.6,4.41,0.701
Laos,126524.55517633674,124.60750853242321,395.1609783845279,0.38168373151308305,,,,,,46.14121350364963,1.0275693053311792,456798.3582089552,3844.167910447761,21.445238065543176,22.459877737628865,5032040.805309734,2765826.1181102362,2264580.0166666666,,36696.166666666664,7559007.0,32.75133,23.972,68.0608,7947.6587,7.1383624,6.2,1.5,0.62
Latvia,564650.9891922639,556.1803185437998,4675.609215017065,4.251990898748578,9.448421052631579,,260.10552763819095,38.78145695364238,47.78894472361809,35.48866788321168,1.052156188605108,2792620.3846153845,8595.936094674556,8.043605005476303,124.46592206856465,1611504.2747826087,828586.1445993031,757216.5662020906,174968.6,5107.061728395061,1881058.0,30.22751,42.946,73.5786,32992.383,0.39730492000000006,5.900000000000001,5.49,0.879
Lebanon,814634.425483504,705.292377701934,7778.074516496018,6.226962457337884,25.617500000000003,,,,,51.863138686131386,1.0378718475073314,4333816.0,16963.714285714286,2.2487358531914894,60.84153208510639,2894881.7242990653,1579721.2202970297,1287584.7283950618,495743.55555555556,13268.684754521964,5744494.0,561.5341,28.106,75.04720000000002,12986.913,0.0,8.0,2.73,0.723
Lesotho,23489.60125142207,20.55631399317406,501.90273037542664,0.4032992036405006,,,,,,43.89566605839416,0.562832414553473,440259.347826087,553.0,3.723067187809524,95.63773497142857,726219.0,628321.7307692308,637981.6,123392.33333333333,,2286112.0,75.30013,21.264,53.062,2240.3394,32.39991,4.6,,0.521
Liberia,5577.571103526735,4.605577689243028,220.81058020477815,0.16723549488054607,,,,,,45.33067518248175,0.5358707614213198,139824.0,,,,1463800.5405405406,1353192.972972973,1176875.2894736843,1935.642857142857,5044.5,5373296.0,55.78588,18.18,60.7472,1460.9233,27.617746,2.1,,0.487
Libya,346917.98122866894,288.54891922639365,4544.993174061434,3.661547212741752,,,,,,56.77587591240876,0.8410086406743942,,3474.6263157894737,8.35972589963536,80.76318929833334,2463476.0803571427,1705690.7589285714,852708.4791666666,103980.47916666667,8360.625,7223804.0,4.105507,26.917,71.9112,19796.588,,8.7,3.2,0.746
Liechtenstein,12403.639362912401,12.28953356086462,63.01080773606371,0.05062571103526735,3.5363043478260865,2.466594827586207,1.027027027027027,,,35.42360401459854,1.0613415509259259,36126.17725752509,151.55852842809364,6.000372904559464,69.00706832903225,44095.5,19507.883333333335,,7245.030952380952,208.74736842105264,39336.0,245.85,44.014,83.2575,,,6.1,,0.942
Lithuania,802761.0932878271,796.4095563139932,6497.8549488054605,5.6018202502844145,18.145933014354068,642.7605863192182,,49.75551782682513,15.301587301587302,36.01941605839416,1.0343212240868707,3667728.3284671535,10606.065693430657,10.87359463233374,102.81615590280146,3669145.4280442805,1663712.7675276753,1556552.3099630997,639509.5904059041,4808.884696016771,2816922.0,44.991566,42.633,73.7201,39955.246,0.25060093,5.8,6.43,0.879
Luxembourg,218793.83105802047,225.26564277588167,677.9522184300341,0.5688282138794084,-2.20688995215311,53.108108108108105,36.51851851851852,9.814323607427056,5.452702702702703,37.25629562043796,1.0778843290891282,2312094.2195985834,5094.644549763033,10.107845670511791,98.83272858962265,943032.2493112948,386213.8002754821,10917.39534883721,226326.10330578513,1985.9351851851852,653316.0,253.76814,38.675999999999995,82.6287,117746.99,0.050036773,5.900000000000001,4.26,0.927
Madagascar,48318.369738339024,39.00739476678043,997.6194539249146,0.8122866894197952,,,,,,37.57185218978102,0.6973104417670682,145929.26353790614,615.0784313725491,11.331893474993581,54.56525602409794,1600777.6769230769,1369727.1911764706,1292063.8260869565,106599.91428571429,13544.0,30437263.0,52.31568,18.718,64.4853,1502.4822,80.73006,4.6,,0.487
Malawi,61186.51934015927,50.80022766078543,1893.5546075085324,1.527872582480091,,,,,,38.98188868613139,0.9584245798319327,141852.3729903537,400.1442307692308,9.678636560466257,51.48884858797546,1483590.6063829786,1085113.0394265233,746851.1801801802,571290.85,6316.547738693467,20568731.0,218.16643,17.335,62.9044,1466.8794,70.0606,7.3,1.3,0.508
Malaysia,3110882.630261661,3025.2662116040956,23816.76678043231,21.246302616609785,5.772291666666667,2026.485911083281,2735.051539912005,203.8703819661866,,49.19622262773722,1.0441584062196307,19369939.835990887,69074.66514806378,4.80258972445382,108.3600574586758,59915876.87808765,24206333.946515396,23232757.312350597,12589759.832669323,58217.32852564102,34695494.0,105.60187,29.573,74.88390000000001,28383.62,0.0,19.0,1.88,0.807
Maldives,119804.01478953355,106.25782583949915,218.62912400455062,0.17974971558589306,27.469583333333333,,,,,,0.9671622967479674,813427.1424501424,3149.733618233618,7.127486039345158,33.9969463042464,585666.5928961749,322514.3989071038,235710.43989071038,89675.73214285714,2769.0752688172042,524116.0,1747.0533,30.339,79.9182,21271.318,0.0,9.2,,0.762
Mali,22165.546643913538,18.868600682593858,550.9738339021616,0.42263936291240045,,,,,,37.48359489051094,0.9929074371859297,680773.2,605.0,1.1971439929411765,141.3123370490196,1907077.3086419753,1406435.851851852,1052310.8024691357,0.0,,23072639.0,18.909054,15.349000000000002,58.9414,2132.6233,20.849255,2.1,,0.41
Malta,72811.27986348124,70.04323094425483,582.0796359499432,0.5261660978384528,5.271578947368421,,25.130208333333332,2.7435897435897436,3.0689655172413794,39.901021897810224,0.9960441379310344,1041775.8762446657,2616.863247863248,4.813566730420228,84.66372326581197,985118.1716514955,397884.0690104167,379694.9002624672,488844.0869565217,1920.5142857142857,528194.0,1650.6062,39.745999999999995,83.77690000000001,48641.85,0.25567448,8.0,4.49,0.915
Marshall Islands,7240.875426621161,9.270193401592719,7.73037542662116,0.009670079635949944,,,,,,,0.3776472602739726,312.3636363636364,144.72727272727272,0.10088272544262294,60.666662,,,,,,40094.0,222.74445,20.965,65.2688,6004.343,0.85434437,23.0,,0.731
Mauritania,42775.65073947668,36.42572566875356,742.3879408418658,0.5671217292377702,,,,,,36.26499087591241,0.9596985386221295,267483.39520958083,572.2151898734177,5.147425724390394,127.57505858233084,1678791.253012048,1105647.322580645,756840.5,235212.17142857143,4931.8,4875645.0,4.730421,16.992,64.3636,5330.2144,5.354673,2.1,,0.54
Mauritius,169321.57565415243,187.2133105802048,627.1626848691695,0.6109215017064846,2.794166666666667,,,,,34.30613138686131,0.5482248761149653,974974.3333333334,,5.483106460674158,33.35527835895238,1933863.1142857142,865932.2058823529,855301.0476190476,615128.825,35153.0,1276134.0,639.0254999999999,36.513,73.5552,22841.35,0.12531371,22.6,3.4,0.796
Mexico,4857308.527303754,4335.769624573379,255627.2747440273,190.43401592719,21.12449275362319,,,,,43.99120437956204,1.0250985294117647,6365760.998888889,17299.404444444444,30.251799878580268,20.163197869402108,80508597.10144928,45817172.65679012,36552406.112860896,52392888.63636363,444550.7168141593,128613113.0,66.16071,28.528,70.2127,20254.781,1.1796793,16.9,0.98,0.781
Micronesia (country),11622.217292377702,18.128628343767787,27.824232081911262,0.03699487763232783,,,,,,,0.46218963414634145,,,,,,,,,,112124.0,160.17714,22.608,70.71,3263.6653,16.028437,15.6,,0.6340000000000001
Moldova,408189.212741752,370.08475540386803,8506.092718998862,6.985779294653015,13.451489361702128,,,,,41.16257299270073,0.9763168472906404,,5182.868421052632,16.424558845430465,19.27915170110375,1274656.7457627119,401661.5882352941,644756.968641115,373201.4,6394.712918660287,3039987.0,92.20463999999998,37.478,68.8459,13308.417,0.0,5.6,5.66,0.763
Monaco,9667.216723549489,9.773037542662117,43.69852104664391,0.03811149032992037,15.53111111111111,,,,,36.800675182481754,1.0062860540540541,,,,,34786.40740740741,19238.583333333332,16357.5,14172.5,,38949.0,18689.541,54.975,85.9463,,,6.2,13.8,
Mongolia,620046.3680318544,575.3634812286689,1387.9118316268487,1.2150170648464165,0.0720833333333335,,,,,42.96206204379562,0.8897095733610823,3090052.6044568247,18119.44884488449,18.7478220405348,182.60532712186472,3871302.447712418,1878467.33125,1881657.12,992412.2068965518,19623.4,3386015.0,2.1739967,26.617,70.9754,12073.245,0.2234101,6.9,8.0,0.741
Montenegro,162624.21558589305,142.93515358361773,1854.3236632536973,1.50967007963595,10.906923076923077,,,,,,0.9638107249255213,,,,,463948.79793814436,219716.85773195876,205562.90566037735,95322.35981308411,1415.3069767441862,614650.0,45.698883,39.08,76.3426,22108.73,1.9771242,9.1,3.86,0.844
Morocco,888558.7639362912,727.5967007963595,12042.338452787259,9.274744027303754,,,,,,53.79559306569343,1.0310794291338583,5200850.776,15025.365329512893,7.570004384899408,38.62327866386555,28336336.09375,15280362.335793357,13245279.926199261,6581908.62745098,183955.42953020133,37329069.0,83.64120500000001,28.875,74.0419,8083.365,1.4431101,9.1,1.0,0.698
Mozambique,156849.26052332195,133.01763367463028,1562.5557451649602,1.2810011376564279,,,,,,43.838777372262776,0.9401143892339544,433800.9756493507,1691.847670250896,9.786112317708334,40.489892930637254,10793665.576923076,8034625.5245901635,7271263.0625,686823.6060606061,295812.0,32656240.0,41.5273,16.249,59.3247,1250.7725,74.52835,3.3,0.7,0.461
Myanmar,429971.46359499433,365.8788395904437,13388.144482366326,11.088737201365188,,,,,,63.73446167883212,0.9773408906882591,2198966.3136531366,9660.70539419087,5.446984863176761,183.1206933444994,35483817.701754384,19620171.589285713,15470410.69642857,2842368.8421052634,3800.0,53756790.0,82.364426,29.251,65.6716,4249.876,1.9911566999999997,7.1,1.04,0.608
Namibia,117715.30830489192,98.1547212741752,2800.362912400455,2.3378839590443685,7.73125,,,,,35.317226277372264,0.812099457111835,401652.28438948997,1499.2407079646018,11.234211017401478,30.898050877963918,351005.5945945946,231464.05820105821,166380.30729166666,200793.81818181818,2153.293577981651,2889668.0,3.509903,20.825,59.269000000000005,9762.777,15.617013000000002,6.7,,0.6099999999999999
Nauru,2502.079635949943,3.0676905574516495,0.48236632536973834,0.0005688282138794084,,,,,,,0.1208938775510204,,,,,13727.666666666666,7361.333333333333,5120.176470588235,5510.2,168.0,11821.0,591.05,20.573,63.617,11024.343,1.6715107,23.4,,0.696
Nepal,711248.3788395905,570.7906712172924,8695.436291240045,6.843572241183162,,,,,,51.18641423357664,1.0119086597938143,2729420.2977893366,8892.920833333334,8.946646876442417,70.57083425747548,25814298.088135593,13692757.953020135,12393369.9375,4511653.147887324,80764.4564102564,29715434.0,207.29288,24.356,68.4495,4001.7,0.36659858,8.7,0.3,0.601
Netherlands,5231058.205346985,4917.319112627986,17984.332764505118,13.075085324232083,8.456315789473683,607.9473684210526,741.0789210789211,161.69910625620656,87.07292707292707,42.89692518248175,1.069826137463698,13969665.834666668,40916.46133333333,23.81730358425901,15.872716793057409,28521935.27972028,10752592.125874126,9649216.286713287,5896759.482517483,,17904422.0,531.76184,41.463,81.6873,59249.168,0.06971744,4.5,3.17,0.946
New Zealand,1162253.8549488054,1508.5870307167236,1596.8742889647326,2.5267349260523324,0.4731578947368421,,,,,34.68584854014599,0.894620374015748,2172494.3943217667,8332.825831702545,2.011699406978715,1455.0655490243425,8189120.25814234,3257600.165217391,2966465.157828283,1878511.2810615199,15388.193508114857,5131733.0,19.489319999999996,37.068,82.45129999999999,45185.312,,6.2,2.57,0.939
Nicaragua,11173.271899886235,9.211604095563139,197.07906712172922,0.13936291240045506,23.216388888888886,,,,,11.33389598540146,0.9954629707112971,187912.18181818182,,2.8488220194805196,37.58891764935065,9377293.37,4880455.03030303,4391789.833333333,309914.03571428574,0.0,6730661.0,55.93037399999999,24.912,73.8368,5822.3535,3.9410286,9.3,0.93,0.669
Niger,6811.120022753129,5.419795221843003,237.386803185438,0.17918088737201365,,,,,,21.35059306569343,0.7923649402390438,237662.6551724138,428.25,1.1592915168421052,147.73481563157895,2454251.5476190476,2023081.3255813953,1646352.0731707318,0.0,,25311977.0,19.982615,15.102,61.5763,1274.6416999999997,50.61381500000001,5.2,0.39,0.394
Nigeria,197381.81456200228,151.98464163822527,2432.335608646189,1.7946530147895337,,,,,,40.78118613138686,1.009285232903865,1137039.2961672475,4333.672839506173,6.076110207540372,119.62569423217391,21528411.715328466,14853030.379562045,14889614.258064516,5766063.448275862,64496.489795918365,223150906.0,245.01346,17.567,52.676,4963.16,30.863297,3.6,,0.548
North Macedonia,233641.6393629124,200.25199089874857,7082.153014789534,5.6825938566552905,21.453541666666666,,,,,,0.982000688976378,498532.5770020534,1867.5957943925234,13.695826260872234,26.041942120147418,952893.3546511628,487342.4409937888,500900.41095890413,96819.45901639345,10892.258823529412,1840236.0,72.96733,39.91,73.8415,17128.76,2.6633506,6.099999999999999,4.28,0.765
Norway,875560.1672354948,867.1916951080774,3004.735494880546,3.260523321956769,6.019473684210526,141.59345794392524,118.46853146853147,,16.51048951048951,35.55030109489051,1.038840019379845,5321128.215782984,13754.086313193588,12.067728082527744,68.96899237176326,7405282.271816881,3216165.4369627507,2752018.3619456366,1430929.3252148996,17615.5988372093,5456795.0,14.980083,39.436,83.2339,67296.16,0.15653396,3.6,3.5299999999999994,0.9660000000000001
Oman,290528.96814562,227.21786120591582,3451.992036405006,2.632536973833902,9.935833333333333,,,,,46.28791058394161,0.8578350790513833,2001401.0,,12.055621768421053,18.98799693712644,2092144.1237113401,914264.5666666667,1132071.536585366,707850.2666666667,1668.7435897435898,4730227.0,15.283447,28.973,72.5406,35336.895,,13.8,1.4699999999999998,0.819
Pakistan,1147421.3629124004,899.1075085324233,23021.679749715586,17.437997724687143,,,,,,52.255337591240874,0.9648851417399804,10715132.322533136,34953.7943615257,5.303150900023981,51.41181210936375,195048375.63874346,104909230.85365854,90656711.84246576,29242186.18859649,587713.4044444445,243700667.0,316.1331,20.148,66.0979,5376.967000000001,4.932448,30.8,0.63,0.54
Palau,3287.862912400455,3.6277746158224247,4.708191126279863,0.005688282138794084,,,,,,,0.5985108571428571,52363.82352941176,,6.487602110526316,25.661579443859647,,,,,,17784.0,38.66087,37.484,66.0204,14112.668,,17.0,,0.797
Panama,669709.8526734926,594.4180887372014,6586.11149032992,4.98406374501992,19.275454545454547,,,,,49.97462591240876,0.9971807654563297,2439324.7994923857,7595.116935483871,13.40633541988024,13.107735917844312,4395571.7536231885,1989892.5661764706,1706910.3529411764,1328941.5942028984,6976.027027027027,4400772.0,59.32559,29.273,76.22329999999998,33266.477,1.2881935,8.2,2.25,0.82
Papua New Guinea,30123.229237770192,26.657565415244598,427.4607508532423,0.398406374501992,,,,,,45.198841240875915,0.7940391845979615,249149.0,,,,455379.8732394366,249827.97183098592,212648.12307692308,29694.5,,10203176.0,22.53053,22.127,65.3506,3752.9449999999997,,16.7,,0.568
Paraguay,491939.43572241184,418.5204778156997,13716.627417519909,11.308304891922639,20.773541666666667,,,,,43.67991788321168,0.8423574277168494,1021678.6787634408,3510.0945945945946,17.710040103466667,18.621489231108143,3000352.433962264,1463050.2976190476,996763.1294117647,1210703.5571428572,21610.234375,6760461.0,17.01601,26.045,70.2617,13531.396,1.3295585,7.5,0.8299999999999998,0.731
Peru,2945761.983503982,2575.0722411831625,171615.3122866894,125.69681456200227,45.09986206896552,,,,,53.61492700729927,1.0811127326150833,11343546.385674931,,11.897966257262722,16.964077142640992,61808099.24830918,23357376.62415459,21318658.15748792,17132064.514975846,88403.01934235977,33475435.0,26.152683,29.096,72.3769,12743.942,2.656552,4.8,1.59,0.762
Philippines,2696103.9186575655,2393.546955036995,43834.22696245734,38.034129692832764,11.128510638297872,,,,,58.48186131386861,1.04533642578125,12197108.965699209,36795.6626984127,9.943117626248416,25.715365452091255,63697628.00387597,25171365.111111112,29858275.343096234,11515977.214285715,426459.6153846154,113964342.0,382.21265,24.866,69.2664,8581.9375,6.754130999999999,7.1,0.99,0.71
Poland,4307507.6342434585,3844.3833902161546,83793.44425483503,68.76962457337883,9.162153110047848,9756.670781893004,,,,39.7922901459854,1.04336953125,15680071.285714285,,11.44584593751816,49.53447222881356,45787084.93888304,19531102.80406852,19087770.80485116,13058460.698847262,48482.42940490082,38385734.0,125.402596,40.864,76.4572,37706.605,0.10752012,6.8,6.54,0.881
Portugal,3271677.8549488056,3225.0096700796357,19086.28327645051,16.511376564277587,7.394736842105263,1232.3372093023256,,184.78954248366014,,43.69991788321168,1.0313336585365853,14002798.810449574,52099.03406326034,8.546895329257907,30.648203553163018,20094467.402777776,8121689.631944444,7167315.638888889,4394399.958333333,,10417075.0,113.716576,45.806,81.0443,35767.723,0.22650385,9.1,3.4500000000000006,0.874
Qatar,334015.3225255973,292.67576791808875,524.990329920364,0.3924914675767918,21.145,,,,,52.49036496350365,1.0215801363193768,3992250.6304347827,20582.671195652172,9.286726632897196,93.83705814745615,4683886.638826185,2023825.4659090908,1798958.142857143,1548547.1768707484,15916.42441860465,2892465.0,251.73760000000001,32.458,79.2716,96557.81,0.0,19.5,1.25,0.875
Romania,2179667.431740614,2028.7792946530149,47024.131399317404,39.19169510807736,8.890095693779903,4308.201511335013,,428.44,,44.32344890510949,0.950005859375,7521752.394230769,,10.844063345764376,45.80472546741609,10367642.849340865,3129602.591240876,5038669.207156309,,31760.29867674858,19166776.0,83.30483,42.391,74.1847,32495.908,1.7570448999999997,6.5,6.89,0.827
Russia,14087632.130261661,13977.728100113765,263926.0807736064,229.55460750853243,19.615,,,,,41.216824817518244,1.04621860920666,99827142.51462995,331948.5425531915,5.37810086476399,108.22119902396592,107204588.53541666,53896031.91754757,46869421.42888403,11271838.868131869,410528.0833333333,145579890.0,8.889359,39.071,69.419,27450.45,0.010298438,5.6,7.120000000000001,0.821
Rwanda,89214.95620022753,75.80546075085324,1005.6018202502844,0.8350398179749715,,,,,,53.72778284671533,0.927542372881356,2111870.4992614477,6748.998324958124,1.8666944650198265,286.62978771288726,8826864.659090908,3686094.6516853934,4312877.035714285,4121668.0,32880.142857142855,13651026.0,553.3452,19.22,66.0722,2364.802,52.005394,6.5,,0.548
Saint Kitts and Nevis,3928.890784982935,3.7582480091012513,27.763367463026167,0.026166097838452786,18.675151515151516,,,,,,0.7916084358523726,52713.52229299363,252.0483870967742,7.845240352728323,82.64725937890174,41973.34210526316,22789.084507042255,18107.45945945946,1134.3157894736842,936.1428571428571,46731.0,179.73462,34.971,71.6822,28770.139,,16.1,2.3,0.838
Saint Lucia,18159.791240045506,17.22866894197952,257.42150170648466,0.23321956769055746,,,,,,,0.9499442332065906,159790.7894736842,223.14285714285714,12.066950536206896,18.372415802586207,78999.32547169812,45616.65625,37639.901041666664,7399.0,286.5108695652174,178794.0,293.10492,33.316,71.1114,15100.286,5.222044,11.7,1.3,0.725
Saint Vincent and the Grenadines,6043.154152445962,5.502844141069397,74.2434584755404,0.07053469852104664,6.217083333333334,,,,,,0.7840953145917001,96576.35135135135,71.1875,20.235530031863117,52.68367201098485,51394.04285714286,29565.75806451613,24625.929203539825,3569.144927536232,504.27272727272725,102062.0,261.69745,33.633,69.6291,14572.607,,8.0,2.4,0.772
Samoa,8597.137656427758,9.719408081957884,15.686006825938566,0.01763367463026166,,,,,,,0.5864954861111111,,,,,247466.35185185185,125791.35185185185,102804.51923076923,72737.95454545454,,215269.0,77.43489,20.091,72.7675,5155.62,1.1502274,9.2,,0.702
San Marino,14242.683162684869,14.386803185437998,95.81001137656428,0.07167235494880546,14.001875,,,,,36.44386861313869,0.8250505386875613,,,,,35352.347107438014,14950.858974358975,10836.948051948051,17500.11111111111,380.0188679245283,34113.0,568.55,46.782,80.8786,61609.01,,7.4,3.8,0.8669999999999999
Sao Tome and Principe,4390.8327645051195,3.8515358361774745,55.292946530147894,0.04550625711035267,,,,,,,0.560529732510288,2323.9,469.4,1.6425641489855072,53.64285454545455,120918.67272727273,78650.07843137255,51498.37254901961,27438.38888888889,,226313.0,235.74269999999999,18.869,67.5912,3438.8599,15.723551,5.5,2.9,0.613
Saudi Arabia,611948.8788395905,478.6513083048919,7635.156427758817,5.486916951080774,,,,,,45.57132299270073,1.01450849609375,19450248.981020167,51306.50652431791,2.198568683437055,219.46579282589073,30832817.416216217,23039118.41322314,17741974.979338843,4052571.725663717,166363.5386819484,32175352.0,14.96744,28.731,76.936,50188.297,,18.7,2.24,0.875
Senegal,64049.75255972696,50.803185437997726,1454.7087599544936,1.1217292377701935,,,,,,26.638357664233578,0.9777141304347826,490934.4974811083,1388.0340050377833,6.631202293475534,74.36191880754717,964983.9173553719,782359.264,847203.7301587302,415571.85185185185,5412.081967213115,17651099.0,91.67973,18.888,67.0926,3564.6282,9.926822000000001,3.1,,0.517
Serbia,1566715.3850967009,1469.5506257110353,11736.306598407282,10.271331058020477,14.552083333333334,2066.075376884422,,82.81742043551088,,37.32671532846715,1.0368512266928362,4075626.042502952,11660.196449704143,14.63608619596222,23.29090643807829,5044614.164556962,2376952.0970464135,2302657.9174311925,1184143.6545454545,24182.844444444443,6791218.0,80.76130999999998,43.675,74.1923,20885.889,1.2428293,9.1,5.610000000000001,0.805
Seychelles,31233.829351535835,29.51763367463026,112.06598407281001,0.09783845278725825,-2.714375,,,,,46.04629562043795,0.7328038631346578,,,,,121265.43137254902,62212.721153846156,48779.46226415094,40499.94736842105,2041.095238095238,125532.0,272.89566,33.388,71.2945,25205.736,0.51100403,8.5,3.6,0.8019999999999999
Sierra Leone,5863.358930602958,4.542093287827076,102.71786120591581,0.07171314741035857,,,,,,42.7331295620438,0.6636131767109295,410048.625,,0.04181199836082474,2291.4590242372883,2965013.476923077,2072395.6470588236,1621317.119402985,319178.375,3990.5,8276808.0,114.66899,19.04,60.0624,1634.7638,26.062035,2.1,,0.45799999999999996
Singapore,1348167.6706484642,1709.985779294653,1049.4351535836176,1.1513083048919226,10.22,,267.2692307692308,,6.346153846153846,43.58701642335767,1.0520230250481697,,94795.45454545454,10.714242603896103,16.100783794155845,9443009.515015015,4033467.5583224115,3774705.9515072084,1952940.5945945946,22179.219879518074,5649886.0,7868.9220000000005,34.878,82.7545,108036.11,,11.6,2.49,0.949
Slovakia,1145487.1746302617,1071.6126279863481,14434.412400455063,12.08703071672355,13.781291866028708,1011.5764388489208,360.8911917098446,135.08762420957544,25.512953367875646,38.97985401459854,0.9855468105986261,25021103.098927293,61070.89630512515,5.803877510699284,179.60160450596658,3977493.1710526315,1967650.7236842106,1780636.7631578948,285503.5263157895,,5473194.0,113.83515,40.904,74.91009999999999,33176.184,0.10148099,5.8,5.7,0.855
Slovenia,782587.6490329921,773.5403868031855,6293.080773606371,5.639362912400455,7.298086124401913,327.2533572068039,221.52469135802468,65.48522829006266,36.91139240506329,40.581213503649636,1.0560941463414635,1519944.6381733022,6248.680327868852,15.431326690016073,57.65878811601423,1832894.0444444444,888883.1617100372,805469.2354048964,356853.27605633804,5677.973333333333,2115230.0,105.04509,43.497,80.6904,41015.227000000006,0.0,5.8,4.43,0.926
Solomon Islands,12500.007963594995,14.763367463026166,94.63708759954494,0.11319681456200227,,,,,,36.55576642335767,0.32622985507246377,,,,,251576.5,163076.05357142858,88255.24074074074,10012.736842105263,,781075.0,27.905502,20.03,70.3477,2247.785,26.564884,19.8,1.4,0.562
Somalia,19398.91069397042,15.54835039817975,970.5290102389079,0.7741751990898749,,,,,,29.884972627737227,0.5768449494949495,465117.6666666667,,0.7371523486310679,471.0136953452381,2205332.261904762,1801114.9518072288,1343011.4578313252,14067.0,5327.428571428572,17801893.0,28.376785,15.371,55.2803,1448.5568,,6.5,0.87,0.38000000000000006
South Africa,2863157.7406143346,2316.730944254835,75272.76962457338,58.358930602957905,14.697607655502393,6145.780986762937,4457.017094017094,803.6540664375716,,43.855291970802924,1.0223839215686275,11533898.280487806,31130.810539523212,12.121638644769051,19.209558091696323,25155394.53432282,15621670.06870229,14294804.292275574,3091527.212903226,46438.12296983759,62378419.0,51.421097,27.919,62.341,13478.754,20.492558,10.800000000000002,,0.717
South Korea,16246688.444254834,19665.456769055745,18427.031854379977,20.440273037542664,7.228469387755102,3510.0522388059703,3514.615711252654,307.31519699812384,382.6619718309859,40.7510401459854,1.0725852913085003,24124226.941792782,116728.1164144354,6.3762477774242425,134.31448426946386,83328169.33333333,33766393.14351145,30645273.05801527,19590581.89296636,198743.07668711655,51782514.0,530.55853,43.944,83.6978,45560.125,0.0,6.8,12.43,0.929
South Sudan,13134.502275312856,10.720705346985211,112.21501706484642,0.08361774744027303,,,,,,40.3363594890511,0.7355899896800826,141394.76136363635,692.964705882353,3.6296961581510576,74.72710847656968,1152996.8988764044,1116102.3370786516,1077697.2808988765,278847.55555555556,2496.3333333333335,11021175.0,17.4405,17.59,54.9752,,67.32727,6.5,,0.381
Spain,8797833.287258249,10905.101404056162,90880.15756541524,95.04836193447738,8.617751196172248,6194.103349282296,5341.0750721847935,1060.6,502.8075072184793,44.95896897810219,1.1484472007722009,41747828.21212121,112923.84,11.59091651262136,19.31289159101942,55037518.43148688,27451319.289017342,25294756.24778761,16490912.046357617,287515.5707762557,47828386.0,95.70784,44.392,83.01,40223.01,0.5642503,10.300000000000002,2.9700000000000006,0.911
Sri Lanka,451981.6245733788,382.7127417519909,10982.057451649602,9.617178612059158,,,,,,51.21667883211679,0.9871704142011835,3318214.3,9156.005952380952,5.825124669763314,59.0755310557971,19785007.94072165,10152004.541666666,9428552.545454545,5769915.836065574,100266.42686567164,22834964.0,369.1394,32.561,76.3991,12200.138000000003,0.9586125600000001,11.3,4.15,0.78
Sudan,46138.30546075085,36.401023890784984,3521.994880546075,2.8703071672354947,,,,,,29.446359489051094,0.830580121703854,562941.0,,,,5418522.348837209,3655062.8205128205,2761140.8684210526,890787.3333333334,15190.666666666666,49383343.0,26.43648,18.12,65.2667,3570.6074,15.26306,18.9,0.7399999999999999,0.516
Suriname,53028.12229806599,46.930034129692835,933.4880546075085,0.7997724687144482,18.141666666666666,,,,,54.247481751824814,0.8822330851063829,34599.21363636364,382.6545454545454,51.48949992070175,2.6245859855319766,305323.9406779661,184852.15384615384,119655.11111111111,46021.307692307695,2119.4074074074074,623173.0,3.9946988,27.865,70.2743,15047.614000000001,1.1043117,12.7,3.0,0.69
Sweden,1764606.0022753128,1572.9260523321957,17480.87087599545,15.930602957906713,5.692535885167464,807.3185185185185,,111.34457611668186,,36.689361313868616,1.1440130813953489,9622971.834951457,25530.631067961163,11.00612600675,20.324460954166668,19610884.25,6249409.48245614,5690732.745614035,9073516.8,69531.0,10487333.0,25.749462,39.728,82.98330000000001,55359.344,0.6292847,5.0,2.14,0.952
Switzerland,2587484.1689419793,2541.5494880546075,10578.78896473265,8.060295790671217,7.974401913875599,913.5168439716313,429.1485053037608,132.28546099290782,,36.35805656934306,1.1093229428848015,8573799.357048748,28033.90513833992,12.454591628878628,33.96367647862797,12047354.25643897,4938510.0806271,,2501984.790593505,19632.499419279906,8792180.0,222.5326,41.961,83.98720000000002,72278.21,0.037200913,4.6,4.63,0.967
Syria,39431.216154721275,32.66382252559727,2242.1058020477817,1.799203640500569,,,,,,37.512381386861314,0.9769264705882353,165124.5,,11.781569207126438,40.5916580137931,2745881.9215686275,1858098.391304348,1187393.9166666667,40838.05263157895,51211.5,22462170.0,122.32298,21.588,72.0627,,24.835932,14.9,1.4,0.557
Tajikistan,14705.255403868032,10.117178612059158,104.36234357224119,0.07110352673492605,16.185555555555556,,,,,27.879781021897813,0.3824157245632066,,,,,5307817.015384615,2482616.671875,1983280.84375,2784408.0714285714,62372.5,10182229.0,73.36428,21.742,71.5942,4137.278,6.114529,6.6,4.67,0.679
Tanzania,26236.722411831626,24.609215017064848,556.216723549488,0.4812286689419795,,,,,,14.956158759124088,0.1621489898989899,441724.5,,3.617316375,36.79327478571429,15923514.138888888,14565393.121212121,12062564.944444444,3585681.5,,64711821.0,73.054665,17.124,66.2007,2623.8616,44.94932,12.3,,0.532
Thailand,2805570.268486917,2733.997154240182,20576.551763367464,19.8030734206033,9.815624999999999,,,,,42.96381386861314,0.9879897360703812,7801672.572562358,28042.86054421769,11.1230617925873,402.12015142176404,85134654.3813084,38598876.992523365,33127757.171962615,17668203.756157637,244797.31923076924,71735320.0,140.41246,39.194,78.7154,17507.621,0.013972186,9.7,,0.803
Togo,26297.939135381115,22.48748577929465,204.08077360637088,0.16496018202502843,,,,,,43.53297445255475,1.0192917177914111,303819.4263363755,964.6634877384196,3.7031127545238096,65.03669557878426,2112609.8703703703,1434134.0666666667,846435.38,239057.4814814815,,9089742.0,167.12157,18.7,61.6194,2202.7268,26.591829999999998,2.1,0.7,0.547
Tonga,8555.355517633674,9.665529010238908,6.4300341296928325,0.00739476678043231,,,,,,45.605291970802924,0.5078808049535604,,,,,115371.07142857143,58720.142857142855,46800.275,36138.857142857145,,105053.0,145.90695,20.726,70.9857,6142.963400000001,0.01921559,15.0,,0.739
Trinidad and Tobago,112199.8646188851,108.9283276450512,2664.173492605233,2.497155858930603,,,,,,52.13927919708029,0.9186757726819541,374752.8700787402,1414.6050955414012,20.509039170492702,14.486503324817518,1096425.5786026202,563832.9934782608,511679.0798226164,123985.27027027027,3762.60447761194,1495922.0,291.60272,36.226,72.9709,23295.547,,12.7,3.02,0.8139999999999998
Tunisia,756524.4618885097,656.0642775881684,20525.605802047783,16.736632536973833,7.76063829787234,,,,,49.36921532846715,0.9626913214990138,2591685.3387096776,9726.281553398057,17.7436386523341,11.687166092889909,7392078.804597701,4318260.686781609,3595301.8966480447,868653.5696969697,31192.956204379563,12119336.0,78.00809,31.743999999999996,73.7719,10569.051,0.27373365,9.6,2.18,0.732
Turkey,10821131.287258249,9672.769624573379,69997.60068259385,57.689988623435724,16.265208333333334,,,,,42.12536496350365,0.8520335623159961,60164796.57788945,204980.56909547737,7.928707839987422,20.164518327924526,99756300.55924171,45376754.98341625,38829410.313432835,26437087.684549358,242556.2637540453,87058470.0,113.1173,32.072,76.0324,33149.5,0.44286466,14.5,2.85,0.855
Tuvalu,1170.749715585893,1.674061433447099,0.2832764505119454,0.0005688282138794084,,,,,,,0.2866758620689655,,,,,13037.666666666666,6553.416666666667,5304.636363636364,5517.333333333333,,10012.0,333.73334,24.256,64.5466,4591.3306,,20.3,,0.6529999999999999
Uganda,117136.23265073948,97.92889647326507,2480.3248009101253,2.065984072810011,,,,,,53.76440693430657,0.8094780638516993,1077752.7406832299,3605.986394557823,4.750342083377463,323.834374092734,5603094.9,5428661.565656566,6814650.444444444,287894.5,11556.983606557376,47312718.0,235.95012,16.338,62.7048,2280.0737,42.11563,4.6,,0.55
Ukraine,3581892.390784983,3152.050625711035,73660.37599544937,62.527303754266214,15.0276,,,,,41.495383211678835,0.9736721618953603,7677778.519784173,28222.33966244726,18.43603312485294,9.753229895735295,11899713.94198895,6531236.759668509,5265099.638888889,58180.64364640884,88628.86797752809,41048767.0,70.84702,41.451,71.624,10731.44,0.028825609,5.6,7.46,0.734
United Arab Emirates,732052.6052332196,606.9567690557452,1775.9994311717862,1.3361774744027304,19.785833333333333,,,,,44.236423357664236,1.0204030392156862,58607484.67021277,199199.37588652482,0.6982370760410959,633.3851995536529,15113748.344,8805515.72868217,8317851.668421052,3285950.0202702703,60840.0664652568,10242085.0,144.2141,30.903,78.71039999999999,74917.67,0.0,16.4,1.38,0.937
United Kingdom,15283002.037542662,14226.514220705347,168999.21160409556,132.03185437997723,9.594976076555023,9146.025876460768,7489.521396396396,900.5006402048656,,43.06886861313868,1.0564177606177605,185604641.1799486,647529.3118556701,4.790054651835686,74.51627161296534,100668680.57142857,44508437.674418606,36629559.742524914,32290809.407079645,247237.42166666666,68179315.0,281.8142,39.504000000000005,80.7422,47587.168,0.24510054,6.3,2.46,0.9400000000000001
United States,65189520.530716725,83958.4650974026,798118.3424345847,686.0870307167236,11.403157894736843,36706.53729181753,36406.19127272727,7703.354815351195,,48.40324817518248,1.0811431334622825,410386446.7011905,1086629.9095238096,8.212542591179977,17.624321063528008,471846074.6879271,214009733.39749432,181615607.81093395,49403463.81369427,771588.5541619157,341534041.0,37.33665,37.72,77.1982,64623.125,1.2491857,10.699999999999998,2.87,0.927
Uruguay,634940.4658703072,592.5381114903299,5219.471558589306,4.3720136518771335,6.66,,,,,37.462892335766426,1.0150853634577603,2077649.4055482165,8051.097883597884,8.540158048789682,68.84989953981481,6530991.365638766,2564986.138438881,2353986.4423357663,1611804.625,13815.596302003081,3390913.0,19.374432,35.496,75.43560000000001,24426.66,0.15517578,9.0,2.4300000000000006,0.8299999999999998
Uzbekistan,107561.40102389078,99.59101251422071,652.2389078498294,0.5779294653014789,11.375416666666666,,,,,38.66305656934306,1.0361648514851485,,,,,30581561.79310345,13006027.125,8920775.594202898,10798137.111111112,243985.03225806452,34938955.0,79.28904999999999,26.836000000000002,70.8616,8073.2104,2.2530925,7.0,3.98,0.727
Vanuatu,6221.5506257110355,6.83674630261661,7.34641638225256,0.007963594994311717,,,,,,29.245483576642336,0.6245718120805369,11723.0,,0.56390977,177.33333,133085.5,76981.36842105263,55631.94736842105,13325.181818181818,,313062.0,25.681870000000004,20.121,70.449,2785.9038,9.963333,15.6,,0.614
Vatican,23.053469852104666,0.01478953356086462,0.0,0.0,,,,,,,,,,,,,,,,,513.0,1165.909,59.875,,,,,,
Venezuela,380550.11604095565,314.38850967007966,4097.769624573379,3.3310580204778155,,,,,,55.20144160583941,1.0532985177865613,,,,,13351340.192307692,8310643.2,7169058.555555556,191596.8,,28213016.0,31.985733,28.810000000000002,70.5536,,,9.6,0.87,0.699
Vietnam,6385230.631968145,6612.059158134243,26685.67747440273,24.576791808873722,,,,,,54.68280109489051,0.9429572834645669,70073623.1011236,216251.1037037037,22.998090775,14.506819930752687,102142863.5181598,42994683.37717122,38493263.16483516,49457144.421052635,426162.4285714286,99680656.0,318.03265,31.938000000000002,73.6181,11396.531,0.9637949,6.1,2.6,0.726
Yemen,8519.149032992036,6.794653014789533,1591.5460750853242,1.2281001137656429,,,,,,25.444096715328467,0.7014425155925156,333264.5,,0.9955821249195402,216.11236684285714,798593.340425532,652600.0833333334,412614.02127659577,45666.04761904762,,38222880.0,72.395935,18.118,63.7534,,19.802757,5.4,0.71,0.424
Zambia,229249.85096700795,199.02844141069397,2871.901592718999,2.3196814562002275,,,,,,31.79153284671533,0.930000614124872,1566342.113520408,4501.76253298153,7.267182033765281,59.79997455146699,2504450.934108527,922170.9905660377,1575582.4212598426,374941.5,18375.87591240876,20152934.0,27.109505,17.288,61.2234,3365.8738,64.349754,11.9,,0.569
Zimbabwe,169782.20307167235,151.62037564029595,3903.5113765642777,3.2650739476678043,,,,,,53.75140510948905,0.9775564210526315,702922.6706231454,2949.026813880126,7.371575070624195,48.13053781338482,6190705.040307102,3465021.5451055663,2480985.5489443378,247678.47792706333,23030.68656716418,16069061.0,41.538223,17.683,59.2531,2207.957,39.75453,2.1,1.7,0.55
